Id,Name,Rating,Review Count,Price,Style,Neighborhood,Address,Phone Number,Duplicate,,
435,Afghan Horsemen Restaurant,3.5,143,$$,Afghan,Granville Island/False Creek,"1833 Anderson Street#Vancouver, BC V6H 4E5#Canada",(604) 873-5923,Duplicate,,
466,Afghan Horsemen Restaurant,3.5,143,$$,Afghan,Granville Island/False Creek,"1833 Anderson Street#Vancouver, BC V6H 4E5#Canada",(604) 873-5923,Duplicate,,
543,Alpha Sushi Bar,4,82,$$,Japanese#Sushi Bars#Tapas Bars,"Downtown, Granville Entertainment District","1265 Granville Street#Vancouver, BC V6Z 1M5#Canada",(604) 633-0355,Duplicate,,
676,Alpha Sushi Bar,4,82,$$,Japanese#Sushi Bars#Tapas Bars,"Downtown, Granville Entertainment District","1265 Granville Street#Vancouver, BC V6Z 1M5#Canada",(604) 633-0355,Duplicate,,
88,Ancora Waterfront Dining and Patio,4.5,83,$$$$,Seafood#Japanese#Peruvian,Downtown,"1600 Howe Street#Vancouver, BC V6Z 2L9#Canada",(604) 681-1164,Duplicate,,
96,Ancora Waterfront Dining and Patio,4.5,83,$$$$,Seafood#Japanese#Peruvian,Downtown,"1600 Howe Street#Vancouver, BC V6Z 2L9#Canada",(604) 681-1164,Duplicate,,
349,Aotoya Japanese Restaurant,4,46,$$,Japanese,Fraserview,"6543 Victoria Drive#Vancouver, BC V5P 3X9#Canada",(604) 327-1158,Duplicate,,
388,Aotoya Japanese Restaurant,4,46,$$,Japanese,Fraserview,"6543 Victoria Drive#Vancouver, BC V5P 3X9#Canada",(604) 327-1158,Duplicate,,
481,Aotoya Japanese Restaurant,4,46,$$,Japanese,Fraserview,"6543 Victoria Drive#Vancouver, BC V5P 3X9#Canada",(604) 327-1158,Duplicate,,
667,Babylon CafÌ©,3.5,69,$,Middle Eastern,West End,"1156 Denman St#Vancouver, BC V6G 2M9#Canada",(604) 568-7010,Duplicate,,
905,Babylon CafÌ©,4,23,$,Middle Eastern,"Downtown, Granville Entertainment District","770 Nelson Street#Vancouver, BC V6Z 2H2#Canada",(604) 568-7379,Duplicate,,
974,Babylon CafÌ©,3.5,29,$,Middle Eastern,"Grandview-Woodlands, The Drive","1605 Commercial Drive#Vancouver, BC V5L 3Y2#Canada",(604) 563-8487,Duplicate,,
982,Babylon CafÌ©,3.5,29,$,Middle Eastern,"Grandview-Woodlands, The Drive","1605 Commercial Drive#Vancouver, BC V5L 3Y2#Canada",(604) 563-8487,Duplicate,,
216,Bali Thai,4.5,43,$,Indonesian,Downtown,"88 W Pender Street#Vancouver, BC V6B 1R3#Canada",(604) 291-7990,Duplicate,,
300,Bali Thai,4.5,43,$,Indonesian,Downtown,"88 W Pender Street#Vancouver, BC V6B 1R3#Canada",(604) 291-7990,Duplicate,,
127,Banana Leaf,4,206,$$,Malaysian#Singaporean,West End,"1096 Denman St#Vancouver, BC V6G 2M8#Canada",(604) 683-3333,Duplicate,,
283,Banana Leaf,3.5,153,$$,Malaysian#Singaporean,West End,"1043 Davie St#Vancouver, BC V6E 1N2#Canada",(604) 669-3389,Duplicate,,
930,Banana Leaf,3.5,116,$$,Malaysian#Singaporean,Kitsilano,"3005 W Broadway#Vancouver, BC V6K 2G9#Canada",(604) 734-3005,Duplicate,,
261,Baoguette Vietnamese Bistro,4,109,$,Vietnamese#Sandwiches,West End,"104 1184 Denman St#Vancouver, BC V6G 1Z1#Canada",(604) 563-2468,Duplicate,,
726,Baoguette Vietnamese Bistro,3,13,$$,Vietnamese,"Kerrisdale, Arbutus Ridge","2114 West 41st Avenue#Vancouver, BC V6M 1Z2#Canada",(778) 379-1494,Duplicate,,
213,Basil Pasta Bar,4,63,$,Italian,Kitsilano,"1602 Yew Street#Vancouver, BC V6K 3E7#Canada",(778) 379-0566,Duplicate,,
475,Basil Pasta Bar,3.5,280,$,Italian,"Downtown, Granville Entertainment District","636 Davie Street#Vancouver, BC V6B#Canada",(604) 568-3106,Duplicate,,
923,Benkei Noodle Shop,3,120,$,Ramen#Noodles,Fairview Slopes,"545 W Broadway#Vancouver, BC V5Z 1E6#Canada",(604) 568-6178,Duplicate,,
951,Benkei Noodle Shop,3,120,$,Ramen#Noodles,Fairview Slopes,"545 W Broadway#Vancouver, BC V5Z 1E6#Canada",(604) 568-6178,Duplicate,,
66,Black Rice Izakaya,4,113,$$,Japanese#Sushi Bars#Tapas Bars,Downtown,"782 Cambie Street#Vancouver, BC V6B 2R5#Canada",(778) 379-0416,Duplicate,,
95,Black Rice Izakaya,4,113,$$,Japanese#Sushi Bars#Tapas Bars,Downtown,"782 Cambie Street#Vancouver, BC V6B 2R5#Canada",(778) 379-0416,Duplicate,,
553,Bob Likes Thai Food,3.5,112,$$,Thai,Riley Park,"3755 Main St#Vancouver, BC V5V#Canada",(604) 568-8538,Duplicate,,
696,Bob Likes Thai Food,3.5,114,$$,Thai,"Fairview Slopes, South Granville","1521 W Broadway#Vancouver, BC V6J 1W6#Canada",(604) 558-3320,Duplicate,,
850,Bubble World,3.5,109,$,Taiwanese#Chinese,West End,"1325 Robson Street#Vancouver, BC V6E 1C6#Canada",(604) 689-8987,Duplicate,,
867,Bubble World,3.5,109,$,Taiwanese#Chinese,West End,"1325 Robson Street#Vancouver, BC V6E 1C6#Canada",(604) 689-8987,Duplicate,,
355,Burdock,3.5,111,$$,Tapas Bars#French,Mount Pleasant,"2702 Main Street#Vancouver, BC V5T 3E8#Canada",(604) 879-0077,Duplicate,,
406,Burdock,3.5,111,$$,Tapas Bars#French,Mount Pleasant,"2702 Main Street#Vancouver, BC V5T 3E8#Canada",(604) 879-0077,Duplicate,,
148,Burgoo Bistro,4,145,$$,Comfort Food#Bistros,Kitsilano,"2272 W 4th Avenue#Vancouver, BC V6K 1P2#Canada",(604) 734-3478,Duplicate,,
252,Burgoo Bistro,4,91,$$,Comfort Food#Bistros,Point Grey,"4434 10th Avenue W#Vancouver, BC V6R 2H9#Canada",(604) 221-7839,Duplicate,,
54,Cactus Club Cafe,4,379,$$,Canadian (New)#Cocktail Bars,"Coal Harbour, Downtown","1085 Canada Place#Vancouver, BC V6C 0C3#Canada",(604) 620-7410,Duplicate,,
93,Cactus Club Cafe,4,379,$$,Canadian (New)#Cocktail Bars,"Coal Harbour, Downtown","1085 Canada Place#Vancouver, BC V6C 0C3#Canada",(604) 620-7410,Duplicate,,
109,Cactus Club Cafe,4,276,$$,Canadian (New)#Cafes,Downtown,"588 Burrard Street#Vancouver, BC V7X 1M9#Canada",(604) 682-0933,Duplicate,,
317,Cactus Club Cafe,3.5,162,$$,Cafes#Canadian (New),West End,"1790 Beach Avenue#Vancouver, BC V6E 1V3#Canada",(604) 681-2582,Duplicate,,
770,Cactus Club Cafe,3.5,85,$$,Canadian (New),"Fairview Slopes, South Granville","1530 W Broadway#Vancouver, BC V6J 5K9#Canada",(604) 733-0434,Duplicate,,
854,Cactus Club Cafe,3.5,81,$$,Canadian (New)#Bars,Fairview Slopes,"575 Broadway W#Vancouver, BC V5Z 1E6#Canada",(604) 714-6000,Duplicate,,
921,Cactus Club Cafe,3.5,81,$$,Canadian (New)#Bars,Fairview Slopes,"575 Broadway W#Vancouver, BC V5Z 1E6#Canada",(604) 714-6000,Duplicate,,
374,Calabash Bistro,4,227,$$,Caribbean,Downtown Eastside,"428 Carrall Street#Vancouver, BC V6B 2J7#Canada",(604) 568-5882,Duplicate,,
387,Calabash Bistro,4,227,$$,Caribbean,Downtown Eastside,"428 Carrall Street#Vancouver, BC V6B 2J7#Canada",(604) 568-5882,Duplicate,,
341,Canra Srilankan Cuisine,4.5,100,$,Sri Lankan,Downtown,"88 W Pender Street#Vancouver, BC V6B 6N9#Canada",(604) 568-3545,Duplicate,,
359,Canra Srilankan Cuisine,4.5,100,$,Sri Lankan,Downtown,"88 W Pender Street#Vancouver, BC V6B 6N9#Canada",(604) 568-3545,Duplicate,,
346,Catch 122,4,305,$$,Breakfast & Brunch#Canadian (New),"Downtown, Downtown Eastside","122 W Hastings Street#Vancouver, BC V6B 1G8#Canada",(604) 731-3474,Duplicate,,
354,Catch 122,4,305,$$,Breakfast & Brunch#Canadian (New),"Downtown, Downtown Eastside","122 W Hastings Street#Vancouver, BC V6B 1G8#Canada",(604) 731-3474,Duplicate,,
540,Chickpea Food Truck,4.5,35,$,Food Trucks#Mediterranean#Vegetarian,Downtown,"884 W Cordova Street#Vancouver, BC V6C#Canada",(778) 385-2382,Duplicate,,
577,Chickpea Food Truck,4.5,35,$,Food Trucks#Mediterranean#Vegetarian,Downtown,"884 W Cordova Street#Vancouver, BC V6C#Canada",(778) 385-2382,Duplicate,,
401,Chili Pepper House,4,93,$$,Chinese#Asian Fusion,Renfrew-Collingwood,"3003 Kingsway#Vancouver, BC V5R 5J6#Canada",(604) 431-8633,Duplicate,,
513,Chili Pepper House,4,93,$$,Chinese#Asian Fusion,Renfrew-Collingwood,"3003 Kingsway#Vancouver, BC V5R 5J6#Canada",(604) 431-8633,Duplicate,,
851,Cora Breakfast and Lunch,3.5,42,$$,Breakfast & Brunch#Canadian (New),West End,"1368 Robson Street#Vancouver, BC V6E 1C5#Canada",(604) 688-2672,Duplicate,,
865,Cora Breakfast and Lunch,3.5,42,$$,Breakfast & Brunch#Canadian (New),West End,"1368 Robson Street#Vancouver, BC V6E 1C5#Canada",(604) 688-2672,Duplicate,,
31,D‰Ûªoro Gelato e CaffÌ¬,4,127,$,Ice Cream & Frozen Yogurt#Cafes,West End,"1222 Robson Street#Vancouver, BC V6E 1C1#Canada",(604) 694-0108,Duplicate,,
303,D‰Ûªoro Gelato e CaffÌ¬,4,127,$,Ice Cream & Frozen Yogurt#Cafes,West End,"1222 Robson Street#Vancouver, BC V6E 1C1#Canada",(604) 694-0108,Duplicate,,
352,Dang Anh Cafe,4.5,14,$,Vietnamese,Kensington-Cedar Cottage,"5186 Victoria Drive#Vancouver, BC V5P 3V3#Canada",(778) 379-7977,Duplicate,,
397,Dang Anh Cafe,4.5,14,$,Vietnamese,Kensington-Cedar Cottage,"5186 Victoria Drive#Vancouver, BC V5P 3V3#Canada",(778) 379-7977,Duplicate,,
315,Deja Brew,4.5,31,$$,Coffee & Tea#Soup#Sandwiches,Fairview Slopes,"943 W Broadway#Vancouver, BC V5Z 4E1#Canada",(604) 558-3113,Duplicate,,
460,Deja Brew,4.5,31,$$,Coffee & Tea#Soup#Sandwiches,Fairview Slopes,"943 W Broadway#Vancouver, BC V5Z 4E1#Canada",(604) 558-3113,Duplicate,,
292,Dixie‰Ûªs BBQ,4,50,$$,Barbeque,Downtown Eastside,"337 E Hastings Street#Vancouver, BC V6A 1P3#Canada",(778) 379-4770,Duplicate,,
380,Dixie‰Ûªs BBQ,4,50,$$,Barbeque,Downtown Eastside,"337 E Hastings Street#Vancouver, BC V6A 1P3#Canada",(778) 379-4770,Duplicate,,
417,Dosa Corner,4,58,$$,Indian,Sunset,"8248 Fraser Street#Vancouver, BC V5X 3X6#Canada",(604) 324-3672,Duplicate,,
506,Dosa Corner,4,58,$$,Indian,Sunset,"8248 Fraser Street#Vancouver, BC V5X 3X6#Canada",(604) 324-3672,Duplicate,,
789,Earls Kitchen + Bar,3.5,96,$$,Canadian (New)#Cocktail Bars,West End,"1185 Robson Street#Vancouver, BC V6E 1B5#Canada",(604) 669-0020,Duplicate,,
904,Earls Kitchen + Bar,3.5,125,$$,Canadian (New)#Cocktail Bars,"Downtown, Yaletown","1095 Mainland Street#Vancouver, BC V6B 5P9#Canada",(604) 688-4990,Duplicate,,
318,East is East,4,322,$$,Middle Eastern#Indian#Vegetarian,Riley Park,"4433 Main Street#Vancouver, BC V5V 3R2#Canada",(604) 565-4401,Duplicate,,
360,East Is East,4,205,$$,Indian#Afghan,Kitsilano,"3243 W Broadway#Vancouver, BC V6K 2H5#Canada",(604) 734-5881,Duplicate,,
882,Evelyn‰Ûªs Coffee Shop,4.5,19,$,Diners#Breakfast & Brunch,Kitsilano,"2176 W Broadway#Vancouver, BC V6K 2C8#Canada",(604) 731-7117,Duplicate,,
925,Evelyn‰Ûªs Coffee Shop,4.5,19,$,Diners#Breakfast & Brunch,Kitsilano,"2176 W Broadway#Vancouver, BC V6K 2C8#Canada",(604) 731-7117,Duplicate,,
871,Fets Whisky Kitchen,3.5,95,$$,Breakfast & Brunch#Burgers#Whiskey Bars,"Grandview-Woodlands, The Drive","1230 Commercial Drive#Vancouver, BC V5L 3X4#Canada",(604) 255-7771,Duplicate,,
995,Fets Whisky Kitchen,3.5,95,$$,Breakfast & Brunch#Burgers#Whiskey Bars,"Grandview-Woodlands, The Drive","1230 Commercial Drive#Vancouver, BC V5L 3X4#Canada",(604) 255-7771,Duplicate,,
890,Fish CafÌ©,3.5,42,$$,Seafood#Fish & Chips#Canadian (New),"Kerrisdale, Shaughnessy","2053 41st Avenue W#Vancouver, BC V6M 1Y7#Canada",(604) 267-3474,Duplicate,,
975,Fish CafÌ©,3.5,42,$$,Seafood#Fish & Chips#Canadian (New),"Kerrisdale, Shaughnessy","2053 41st Avenue W#Vancouver, BC V6M 1Y7#Canada",(604) 267-3474,Duplicate,,
255,Giardino,4,60,$$$,Italian,Downtown,"1328 Hornby Street#Vancouver, BC V6Z 1W5#Canada",(604) 669-2422,Duplicate,,
415,Giardino,4,60,$$$,Italian,Downtown,"1328 Hornby Street#Vancouver, BC V6Z 1W5#Canada",(604) 669-2422,Duplicate,,
358,Gigi Blin,4.5,37,$,Cafes#Coffee & Tea#Bakeries,Marpole,"1400 W 70th Avenue#Vancouver, BC V6P 2Z2#Canada",,Duplicate,,
418,Gigi Blin,4.5,37,$,Cafes#Coffee & Tea#Bakeries,Marpole,"1400 W 70th Avenue#Vancouver, BC V6P 2Z2#Canada",,Duplicate,,
326,Gotham Steakhouse &amp; Bar,4,245,$$$$,Steakhouses#Cocktail Bars#Seafood,Downtown,"615 Seymour Street#Vancouver, BC V6B 3K3#Canada",(604) 605-8282,Duplicate,,
386,Gotham Steakhouse &amp; Bar,4,245,$$$$,Steakhouses#Cocktail Bars#Seafood,Downtown,"615 Seymour Street#Vancouver, BC V6B 3K3#Canada",(604) 605-8282,Duplicate,,
971,Gotham Steakhouse &amp; Bar,4,245,$$$$,Steakhouses#Cocktail Bars#Seafood,Downtown,"615 Seymour Street#Vancouver, BC V6B 3K3#Canada",(604) 605-8282,Duplicate,,
624,Green Lemongrass,4,85,$,Vietnamese,Kensington-Cedar Cottage,"1086 Kingsway#Vancouver, BC V5V 3C6#Canada",(604) 875-6638,Duplicate,,
669,Green Lemongrass,4,85,$,Vietnamese,Kensington-Cedar Cottage,"1086 Kingsway#Vancouver, BC V5V 3C6#Canada",(604) 875-6638,Duplicate,,
808,Green Lettuce Indian Style Chinese Restaurant,4,112,$$,Chinese#Indian,Kensington-Cedar Cottage,"1949 Kingsway#Vancouver, BC V5N 2T1#Canada",(604) 876-9883,Duplicate,,
862,Green Lettuce Indian Style Chinese Restaurant,4,112,$$,Chinese#Indian,Kensington-Cedar Cottage,"1949 Kingsway#Vancouver, BC V5N 2T1#Canada",(604) 876-9883,Duplicate,,
463,Guu Garden,3.5,170,$$,Japanese#Tapas/Small Plates,Downtown,"888 Nelson Street#Vancouver, BC V6Z 2H2#Canada",(604) 899-0855,Duplicate,,
579,Guu Garden,3.5,170,$$,Japanese#Tapas/Small Plates,Downtown,"888 Nelson Street#Vancouver, BC V6Z 2H2#Canada",(604) 899-0855,Duplicate,,
169,Gyu-Kaku Japanese BBQ,4,93,$$,Barbeque#Japanese,Fairview Slopes,"#201-950 W. Broadway#Vancouver, BC V5Z 1K7#Canada",(604) 558-3898,Duplicate,,
222,Gyu-Kaku Japanese BBQ,4,238,$$,Japanese#Barbeque,Downtown,"G3-888 Nelson Street#Vancouver, BC V6Z 2H1#Canada",(604) 558-3885,Duplicate,,
329,Ha Long Bay,4,108,$,Vietnamese#Noodles,Downtown,"430 W Pender Street#Vancouver, BC V6B 1T1#Canada",(604) 568-7976,Duplicate,,
404,Ha Long Bay,4,108,$,Vietnamese#Noodles,Downtown,"430 W Pender Street#Vancouver, BC V6B 1T1#Canada",(604) 568-7976,Duplicate,,
243,Harambe Restaurant,4,83,$$,Ethiopian#African,"Grandview-Woodlands, The Drive","2149 Commercial Drive#Vancouver, BC V5N 4B3#Canada",(604) 216-1060,Duplicate,,
381,Harambe Restaurant,4,83,$$,Ethiopian#African,"Grandview-Woodlands, The Drive","2149 Commercial Drive#Vancouver, BC V5N 4B3#Canada",(604) 216-1060,Duplicate,,
357,Hitoe Sushi Japanese Restaurant,4,133,$$,Japanese#Sushi Bars#Gluten-Free,Kitsilano,"3347 W 4th Avenue#Vancouver, BC V6R 1N6#Canada",(778) 371-4619,Duplicate,,
398,Hitoe Sushi Japanese Restaurant,4,133,$$,Japanese#Sushi Bars#Gluten-Free,Kitsilano,"3347 W 4th Avenue#Vancouver, BC V6R 1N6#Canada",(778) 371-4619,Duplicate,,
45,Hokkaido Ramen Santouka,4,734,$$,Ramen#Noodles,West End,"1690 Robson Street#Vancouver, BC V6G 1C7#Canada",(604) 681-8121,Duplicate,,
61,Hokkaido Ramen Santouka,4,54,$$,Noodles#Ramen#Soup,Fairview Slopes,"558 W Broadway#Vancouver, BC V5Z 1E9#Canada",(604) 565-1770,Duplicate,,
320,Hubbub,4,194,$,Sandwiches#Salad#Soup,Downtown,"859 Hornby Street#Vancouver, BC V6Z 1T9#Canada",(604) 568-3398,Duplicate,,
734,Hubbub,4,42,$,Salad#Soup#Sandwiches,Downtown,"420 Robson Street#Vancouver, BC V6B 0H3#Canada",(604) 801-9995,Duplicate,,
413,Hyoga Japanese Cuisine,4,60,$$,Japanese#Sushi Bars,"Killarney, Renfrew-Collingwood","3343 Kingsway#Vancouver, BC V5R 5K6#Canada",(604) 438-0066,Duplicate,,
535,Hyoga Japanese Cuisine,4,60,$$,Japanese#Sushi Bars,"Killarney, Renfrew-Collingwood","3343 Kingsway#Vancouver, BC V5R 5K6#Canada",(604) 438-0066,Duplicate,,
454,Japadog,4,515,$,Hot Dogs#Food Stands,Downtown,"530 Robson Street#Vancouver, BC V6B 2B7#Canada",(604) 569-1158,Duplicate,,
503,Japadog,4,61,$,Food Stands#Hot Dogs,"Coal Harbour, Downtown","Granville Street and Cordova Street#Vancouver, BC V6C 2R6#Canada",,Duplicate,,
844,Japadog,4,100,$,Food Stands#Hot Dogs,Downtown,"510 Burrard Street#Vancouver, BC V6C#Canada",,Duplicate,,
42,JINYA Ramen Bar,3,42,$$,Ramen,Downtown,"541 Robson Street#Vancouver, BC V6B 2B7#Canada",(604) 699-9377,Duplicate,,
365,JINYA Ramen Bar,3.5,90,$$,Ramen,"Kerrisdale, Arbutus Ridge","2129 West 41st Ave#Vancouver, BC V6M 1Z6#Canada",(778) 379-8889,Duplicate,,
385,JINYA Ramen Bar,3.5,90,$$,Ramen,"Kerrisdale, Arbutus Ridge","2129 West 41st Ave#Vancouver, BC V6M 1Z6#Canada",(778) 379-8889,Duplicate,,
286,Jitlada,4,87,$$,Thai,"Fairview Slopes, South Granville","1459 W Broadway#Vancouver, BC V6H 1H6#Canada",(604) 738-9888,Duplicate,,
394,Jitlada,4,87,$$,Thai,"Fairview Slopes, South Granville","1459 W Broadway#Vancouver, BC V6H 1H6#Canada",(604) 738-9888,Duplicate,,
846,Johnnie Fox‰Ûªs Irish Snug,4,96,$$,Irish#Pubs,"Downtown, Granville Entertainment District","1033 Granville Street#Vancouver, BC V6Z 1L4#Canada",(604) 685-4946,Duplicate,,
863,Johnnie Fox‰Ûªs Irish Snug,4,96,$$,Irish#Pubs,"Downtown, Granville Entertainment District","1033 Granville Street#Vancouver, BC V6Z 1L4#Canada",(604) 685-4946,Duplicate,,
952,Kam Wai Dim Sum,3.5,32,$,Dim Sum,"Chinatown, Downtown Eastside","249 E Pender Street#Vancouver, BC V6A 1T7#Canada",(604) 683-2333,Duplicate,,
972,Kam Wai Dim Sum,3.5,32,$,Dim Sum,"Chinatown, Downtown Eastside","249 E Pender Street#Vancouver, BC V6A 1T7#Canada",(604) 683-2333,Duplicate,,
94,Kinemi‰Ûªs Kitchen,4,55,$$,Pizza#Italian#Asian Fusion,"Killarney, Champlain Heights","7751 Champlain Crescent#Vancouver, BC V5S 4J6#Canada",(604) 434-2868,Duplicate,,
430,Kinemi‰Ûªs Kitchen,4,55,$$,Pizza#Italian#Asian Fusion,"Killarney, Champlain Heights","7751 Champlain Crescent#Vancouver, BC V5S 4J6#Canada",(604) 434-2868,Duplicate,,
411,King‰Ûªs Cafe,4.5,18,$,Wine Bars#Cafes,Kensington-Cedar Cottage,"2223 Kingsway#Vancouver, BC V5N 2T6#Canada",(604) 434-5764,Duplicate,,
423,King‰Ûªs Cafe,4.5,18,$,Wine Bars#Cafes,Kensington-Cedar Cottage,"2223 Kingsway#Vancouver, BC V5N 2T6#Canada",(604) 434-5764,Duplicate,,
265,Kyuzo Japanese Restaurant,3.5,13,$$,Japanese,"Kerrisdale, Shaughnessy","5701 Granville Street#Vancouver, BC V6M 4J7#Canada",(604) 620-9979,Duplicate,,
306,Kyuzo Japanese Restaurant,3.5,13,$$,Japanese,"Kerrisdale, Shaughnessy","5701 Granville Street#Vancouver, BC V6M 4J7#Canada",(604) 620-9979,Duplicate,,
698,Kyuzo Japanese Restaurant,3.5,13,$$,Japanese,"Kerrisdale, Shaughnessy","5701 Granville Street#Vancouver, BC V6M 4J7#Canada",(604) 620-9979,Duplicate,,
225,Kyzock,4,158,$,Sushi Bars#Japanese,Downtown,"559 W Pender Street#Vancouver, BC V6B 1V5#Canada",(604) 605-1625,Duplicate,,
269,Kyzock,4,158,$,Sushi Bars#Japanese,Downtown,"559 W Pender Street#Vancouver, BC V6B 1V5#Canada",(604) 605-1625,Duplicate,,
29,La Catrina Tacos,4.5,51,$,Mexican,West End,"1187 Denman Street#Vancouver, BC V6G 2N1#Canada",(604) 566-9503,Duplicate,,
90,La Catrina Tacos,4.5,51,$,Mexican,West End,"1187 Denman Street#Vancouver, BC V6G 2N1#Canada",(604) 566-9503,Duplicate,,
73,La Mezcaleria,4,172,$$,Mexican,"Grandview-Woodlands, The Drive","1622 Commercial Drive#Vancouver, BC V5L 3Y4#Canada",(604) 559-8226,Duplicate,,
161,La Mezcaleria,4,27,$$,Mexican,"Downtown, Gastown","68 E Cordova Street#Vancouver, BC V6A 4G8#Canada",(604) 559-8226,Duplicate,,
116,La Taqueria Pinche Taco Shop,4.5,401,$,Mexican#Caterers,Downtown,"322 W Hastings Street#Vancouver, BC V8B 1K6#Canada",(604) 568-4406,Duplicate,,
256,La Taqueria Pinche Taco Shop,4.5,473,$,Mexican,Fairview Slopes,"2549 Cambie Street#Vancouver, BC V5Z 3V6#Canada",(604) 558-2549,Duplicate,,
416,L‰Ûªufficio,4.5,3,$$$$,Wine Bars#Italian#Tapas/Small Plates,"Point Grey, Kitsilano","3687 W 4th Avenue#Vancouver, BC V6R 1P2#Canada",(604) 676-1007,Duplicate,,
954,L‰Ûªufficio,4.5,3,$$$$,Wine Bars#Italian#Tapas/Small Plates,"Point Grey, Kitsilano","3687 W 4th Avenue#Vancouver, BC V6R 1P2#Canada",(604) 676-1007,Duplicate,,
873,Las Tortas,3.5,75,$$,Mexican#Sandwiches#Delicatessen,"South Cambie, Riley Park","3353 Cambie Street#Vancouver, BC V5Z 2W6#Canada",(604) 569-1402,Duplicate,,
966,Las Tortas,3.5,75,$$,Mexican#Sandwiches#Delicatessen,"South Cambie, Riley Park","3353 Cambie Street#Vancouver, BC V5Z 2W6#Canada",(604) 569-1402,Duplicate,,
75,Le Crocodile Restaurant,4.5,278,$$$$,French,"West End, Downtown","909 Burrard Street#Vancouver, BC V6Z 2N2#Canada",(604) 669-4298,Duplicate,,
340,Le Crocodile Restaurant,4.5,278,$$$$,French,"West End, Downtown","909 Burrard Street#Vancouver, BC V6Z 2N2#Canada",(604) 669-4298,Duplicate,,
444,Lin Chinese Cuisine And Tea House,3.5,175,$$,Chinese,"Fairview Slopes, South Granville","1537 W Broadway#Vancouver, BC V6J 1W6#Canada",(604) 733-9696,Duplicate,,
544,Lin Chinese Cuisine And Tea House,3.5,175,$$,Chinese,"Fairview Slopes, South Granville","1537 W Broadway#Vancouver, BC V6J 1W6#Canada",(604) 733-9696,Duplicate,,
209,Maenam,3.5,225,$$,Thai,Kitsilano,"1938 W 4th Avenue#Vancouver, BC V6J 1M5#Canada",(604) 730-5579,Duplicate,,
264,Maenam,3.5,225,$$,Thai,Kitsilano,"1938 W 4th Avenue#Vancouver, BC V6J 1M5#Canada",(604) 730-5579,Duplicate,,
302,Maenam,3.5,225,$$,Thai,Kitsilano,"1938 W 4th Avenue#Vancouver, BC V6J 1M5#Canada",(604) 730-5579,Duplicate,,
785,Main Kabob Hut,4,38,$$,Indian#Pakistani#Mediterranean,"Sunset, Punjabi Market","219 E 49th Avenue#Vancouver, BC V5W 2G4#Canada",(604) 322-8715,Duplicate,,
964,Main Kabob Hut,4,38,$$,Indian#Pakistani#Mediterranean,"Sunset, Punjabi Market","219 E 49th Avenue#Vancouver, BC V5W 2G4#Canada",(604) 322-8715,Duplicate,,
228,Mamie Taylor‰Ûªs,4,73,$$,American (Traditional),"Chinatown, Strathcona","251 E Georgia Street#Vancouver, BC V6A 1Z6#Canada",(604) 620-8818,Duplicate,,
262,Mamie Taylor‰Ûªs,4,73,$$,American (Traditional),"Chinatown, Strathcona","251 E Georgia Street#Vancouver, BC V6A 1Z6#Canada",(604) 620-8818,Duplicate,,
97,Mandarin Hong Kong Cafe,3.5,15,$$,Asian Fusion,South Cambie,"948 W King Edward Avenue#Vancouver, BC V5Z 2E2#Canada",(604) 620-0518,Duplicate,,
253,Mandarin Hong Kong Cafe,3.5,15,$$,Asian Fusion,South Cambie,"948 W King Edward Avenue#Vancouver, BC V5Z 2E2#Canada",(604) 620-0518,Duplicate,,
350,Maxim‰Ûªs Restaurant,4,16,$$,Chinese#Asian Fusion,Chinatown,"257 Keefer St#Vancouver, BC V6A 1X6#Canada",(604) 687-0949,Duplicate,,
402,Maxim‰Ûªs Restaurant,4,16,$$,Chinese#Asian Fusion,Chinatown,"257 Keefer St#Vancouver, BC V6A 1X6#Canada",(604) 687-0949,Duplicate,,
171,Meat &amp; Bread,4,614,$$,Sandwiches,Downtown,"370 Cambie Street#Vancouver, BC V6B 1H7#Canada",(604) 566-9003,Duplicate,,
173,Meat &amp; Bread,4,142,$,Sandwiches,"Coal Harbour, Downtown","1033 W Pender Street#Vancouver, BC V6E 2M6#Canada",,Duplicate,,
468,Mitra Canteen,4,53,$,Mediterranean#Halal,Mount Pleasant,"3034 Main St#Vancouver, BC V5T 3G5#Canada",(604) 874-9820,Duplicate,,
567,Mitra Canteen,4,53,$,Mediterranean#Halal,Mount Pleasant,"3034 Main St#Vancouver, BC V5T 3G5#Canada",(604) 874-9820,Duplicate,,
471,Mr Shawarma,4,36,$,Middle Eastern#Food Trucks,Downtown,"655 Burrard Street#Vancouver, BC V6C 2R7#Canada",(604) 569-1644,Duplicate,,
697,Mr Shawarma,4.5,53,$,Lebanese#Food Trucks,Downtown,"Robson and Hornby#Vancouver, BC V6Z#Canada",(604) 569-1644,Duplicate,,
658,Nando‰Ûªs Chicken,3.5,114,$$,Barbeque#Portuguese#South African,Downtown,"828 Davie Street#Vancouver, BC V6Z 2S2#Canada",(604) 678-1217,Duplicate,,
663,Nando‰Ûªs Chicken,3.5,114,$$,Barbeque#Portuguese#South African,Downtown,"828 Davie Street#Vancouver, BC V6Z 2S2#Canada",(604) 678-1217,Duplicate,,
191,Nero Belgian Waffle Bar,4,428,$$,Coffee & Tea#Waffles,West End,"1703 Robson Street#Vancouver, BC V6G 1C9#Canada",(604) 839-1239,Duplicate,,
838,Nero Belgian Waffle Bar,4,48,$$,Waffles#Coffee & Tea,Downtown,"1002 Seymour Street#Vancouver, BC V6B 3M6#Canada",(604) 428-9177,Duplicate,,
997,Nero Belgian Waffle Bar,4,48,$$,Waffles#Coffee & Tea,Downtown,"1002 Seymour Street#Vancouver, BC V6B 3M6#Canada",(604) 428-9177,Duplicate,,
942,Neverland Tea Salon,4,108,$$,Coffee & Tea#Tea Rooms#Breakfast & Brunch,Kitsilano,"3066 W Broadway#Vancouver, BC V6K 2H1#Canada",(604) 428-3066,Duplicate,,
990,Neverland Tea Salon,4,108,$$,Coffee & Tea#Tea Rooms#Breakfast & Brunch,Kitsilano,"3066 W Broadway#Vancouver, BC V6K 2H1#Canada",(604) 428-3066,Duplicate,,
334,Nightingale,4,115,$$$,Live/Raw Food#Canadian (New),"Coal Harbour, Downtown","1017 West Hastings Street#Vancouver, BC V6E 0C4#Canada",(604) 695-9500,Duplicate,,
462,Nightingale,4,115,$$$,Live/Raw Food#Canadian (New),"Coal Harbour, Downtown","1017 West Hastings Street#Vancouver, BC V6E 0C4#Canada",(604) 695-9500,Duplicate,,
412,NSCS Discovery Cafe,4.5,12,$,American (Traditional),Point Grey,"1515 Discovery Street#Vancouver, BC V6R 4L9#Canada",(604) 356-2068,Duplicate,,
526,NSCS Discovery Cafe,4.5,12,$,American (Traditional),Point Grey,"1515 Discovery Street#Vancouver, BC V6R 4L9#Canada",(604) 356-2068,Duplicate,,
662,Nuba,4,15,$$,Mediterranean#Middle Eastern#Vegetarian,Downtown,"508 Davie Street#Vancouver, BC V6B 5B6#Canada",(778) 371-3266,Duplicate,,
689,Nuba,4,15,$$,Mediterranean#Middle Eastern#Vegetarian,Downtown,"508 Davie Street#Vancouver, BC V6B 5B6#Canada",(778) 371-3266,Duplicate,,
377,Nuba Mount Pleasant,3.5,111,$$,Mediterranean#Lebanese,Mount Pleasant,"146 E 3rd Avenue#Vancouver, BC V5T 1C8#Canada",(604) 568-6727,Duplicate,,
409,Nuba Mount Pleasant,3.5,111,$$,Mediterranean#Lebanese,Mount Pleasant,"146 E 3rd Avenue#Vancouver, BC V5T 1C8#Canada",(604) 568-6727,Duplicate,,
194,O! Taho,4.5,16,$$,Filipino,"Riley Park, Kensington-Cedar Cottage","4223 Fraser Street#Vancouver, BC V5V 4G2#Canada",(604) 720-9604,Duplicate,,
309,O! Taho,4.5,16,$$,Filipino,"Riley Park, Kensington-Cedar Cottage","4223 Fraser Street#Vancouver, BC V5V 4G2#Canada",(604) 720-9604,Duplicate,,
373,Off the Tracks Espresso Bar and Bistro,4,25,$$,Cafes#Coffee & Tea#Breakfast & Brunch,Granville Island/False Creek,"1363 Railspur Alley#Vancouver, BC V6H 3R7#Canada",(604) 689-8700,Duplicate,,
542,Off the Tracks Espresso Bar and Bistro,4,25,$$,Cafes#Coffee & Tea#Breakfast & Brunch,Granville Island/False Creek,"1363 Railspur Alley#Vancouver, BC V6H 3R7#Canada",(604) 689-8700,Duplicate,,
53,Pacific Poke,4.5,52,$$,Japanese#Hawaiian,"Chinatown, Strathcona","625 Main Street#Vancouver, BC V6A 2V4#Canada",(604) 559-5304,Duplicate,,
91,Pacific Poke,4.5,52,$$,Japanese#Hawaiian,"Chinatown, Strathcona","625 Main Street#Vancouver, BC V6A 2V4#Canada",(604) 559-5304,Duplicate,,
268,Papparoti,4.5,3,$,Cafes,Downtown,"193 Keefer Place#Vancouver, BC V6B 6C1#Canada",(604) 620-2867,Duplicate,,
459,Papparoti,4.5,3,$,Cafes,Downtown,"193 Keefer Place#Vancouver, BC V6B 6C1#Canada",(604) 620-2867,Duplicate,,
509,Passion8 Dessert Cafe,4,57,$$,Desserts#Korean#Coffee & Tea,Fairview Slopes,"3010 Cambie Street#Vancouver, BC V5Z 2V9#Canada",(778) 379-8238,Duplicate,,
665,Passion8 Dessert Cafe,4,57,$$,Desserts#Korean#Coffee & Tea,Fairview Slopes,"3010 Cambie Street#Vancouver, BC V5Z 2V9#Canada",(778) 379-8238,Duplicate,,
484,Penang Delight Cafe,3.5,74,$$,Malaysian,Marpole,"1316 W 73rd Avenue#Vancouver, BC V6P 4M9#Canada",(604) 559-9898,Duplicate,,
782,Penang Delight Cafe,3.5,80,$$,Malaysian,Renfrew-Collingwood,"3885 Rupert Street#Vancouver, BC V5R 2G7#Canada",(604) 330-0354,Duplicate,,
258,Pho Goodness,4,128,$,Vietnamese#Noodles,West End,"1150 Davie Street#Vancouver, BC V6E 1N1#Canada",(604) 568-3253,Duplicate,,
392,Pho Goodness,4,128,$,Vietnamese#Noodles,West End,"1150 Davie Street#Vancouver, BC V6E 1N1#Canada",(604) 568-3253,Duplicate,,
457,Pho Goodness,4,40,$$,Vietnamese#Noodles,Mount Pleasant,"3079 Main Street#Vancouver, BC V5T 3G6#Canada",(604) 620-7727,Duplicate,,
787,Pho Tan‰Ûªs Vietnamese Restaurant,3.5,55,$,Vietnamese,"Kerrisdale, Shaughnessy","2076 W 41st Avenue#Vancouver, BC V6M 1Y8#Canada",(604) 606-0688,Duplicate,,
861,Pho Tan‰Ûªs Vietnamese Restaurant,3.5,55,$,Vietnamese,"Kerrisdale, Shaughnessy","2076 W 41st Avenue#Vancouver, BC V6M 1Y8#Canada",(604) 606-0688,Duplicate,,
788,Pizza Garden Smithe,4,93,$,Pizza,"Downtown, Granville Entertainment District","675 Smithe Street#Vancouver, BC V6B 2C9#Canada",(604) 669-6656,Duplicate,,
922,Pizza Garden Smithe,4,93,$,Pizza,"Downtown, Granville Entertainment District","675 Smithe Street#Vancouver, BC V6B 2C9#Canada",(604) 669-6656,Duplicate,,
137,Pronto,4,144,$$,Italian#Pizza,"South Cambie, Riley Park","3473 Cambie Street#Vancouver, BC V5Z 2W7#Canada",(604) 722-9331,Duplicate,,
266,Pronto,4,144,$$,Italian#Pizza,"South Cambie, Riley Park","3473 Cambie Street#Vancouver, BC V5Z 2W7#Canada",(604) 722-9331,Duplicate,,
67,Railtown Cafe,3.5,10,$$,Breakfast & Brunch#Sandwiches#Tex-Mex,"Mount Pleasant, Strathcona","1691 Main Street#Vancouver, BC V6A 2W5#Canada",(604) 336-2251,Duplicate,,
745,Railtown Cafe,4,11,$$,Cafes,"Downtown, Granville Entertainment District","968 Howe Street#Vancouver, BC V6Z 1N9#Canada",(604) 428-8255,Duplicate,,
878,Railtown Cafe,4,64,$$,Cafes,Downtown Eastside,"397 Railway Street#Vancouver, BC V6A 1A4#Canada",(604) 428-0800,Duplicate,,
107,Ramen Danbo,4,151,$$,Ramen#Noodles,West End,"1333 Robson Street#Vancouver, BC V6E 2B1#Canada",(604) 559-8112,Duplicate,,
157,Ramen Danbo,4,135,$$,Ramen#Noodles,Kitsilano,"1833 W 4th Avenue#Vancouver, BC V6J 1M4#Canada",(778) 379-8977,Duplicate,,
227,Red Ginger Asian Cuisine,4,107,$$,Asian Fusion,Fairview Slopes,"967 W Broadway#Vancouver, BC V5Z 1K3#Canada",(604) 558-0888,Duplicate,,
267,Red Ginger Asian Cuisine,4,107,$$,Asian Fusion,Fairview Slopes,"967 W Broadway#Vancouver, BC V5Z 1K3#Canada",(604) 558-0888,Duplicate,,
650,Rogue Kitchen &amp; Wetbar,3.5,50,$$,Canadian (New)#American (Traditional)#Gastropubs,Downtown,"200 Burrard Street#Vancouver, BC V6C 2G8#Canada",(604) 428-2555,Duplicate,,
674,Rogue Kitchen &amp; Wetbar,3.5,99,$$,American (Traditional)#Gastropubs,Fairview Slopes,"602 West Broadway Avenue#Vancouver, BC V5Z 3J2#Canada",(604) 568-9400,Duplicate,,
774,Rogue Kitchen &amp; Wetbar,3.5,290,$$,American (Traditional)#Gastropubs,Downtown,"601 W Cordova Street#Vancouver, BC V6B 1G1#Canada",(604) 678-8000,Duplicate,,
207,Russet Shack,4,23,$,British#Irish#Fast Food,"Downtown, Yaletown","288 Robson street#Vancouver, BC V6B 6A1#Canada",(604) 683-0374,Duplicate,,
344,Russet Shack,4,23,$,British#Irish#Fast Food,"Downtown, Yaletown","288 Robson street#Vancouver, BC V6B 6A1#Canada",(604) 683-0374,Duplicate,,x
469,Shinbo Tofu,5,Null,Null,Japanese,Marpole,"954 Marine Drive SW#Vancouver, BC V6P 5Z2#Canada",,Duplicate,,
549,Shinbo Tofu,5,Null,Null,Japanese,Marpole,"954 Marine Drive SW#Vancouver, BC V6P 5Z2#Canada",,Duplicate,,
280,Shiro,4,177,$$,Japanese#Sushi Bars,Fairview Slopes,"3096 Cambie Street#Vancouver, BC V5Z 2V9#Canada",(604) 874-0027,Duplicate,,
348,Shiro,4,177,$$,Japanese#Sushi Bars,Fairview Slopes,"3096 Cambie Street#Vancouver, BC V5Z 2V9#Canada",(604) 874-0027,Duplicate,,
864,Splash Bistro,3.5,4,$$,Asian Fusion,Downtown,"750 Pacific Boulevard Suite 311#Vancouver, BC V6Z 2R8#Canada",(604) 687-3343,Duplicate,,
919,Splash Bistro,3.5,4,$$,Asian Fusion,Downtown,"750 Pacific Boulevard Suite 311#Vancouver, BC V6Z 2R8#Canada",(604) 687-3343,Duplicate,,
924,Street Meet Food Truck,4.5,19,$,Street Vendors#Mediterranean#Food Stands,"Coal Harbour, Downtown","Burrard &amp; West Pender#Vancouver, BC V6C#Canada",,Duplicate,,
988,Street Meet Food Truck,4.5,19,$,Street Vendors#Mediterranean#Food Stands,"Coal Harbour, Downtown","Burrard &amp; West Pender#Vancouver, BC V6C#Canada",,Duplicate,,
660,Sushi Nanaimo,4,218,$$,Sushi Bars#Japanese#Seafood,"Hastings-Sunrise, Grandview-Woodlands","350 Nanaimo Street#Vancouver, BC V5L 4R7#Canada",(604) 876-9200,Duplicate,,
795,Sushi Nanaimo,4,218,$$,Sushi Bars#Japanese#Seafood,"Hastings-Sunrise, Grandview-Woodlands","350 Nanaimo Street#Vancouver, BC V5L 4R7#Canada",(604) 876-9200,Duplicate,,
830,Sylvia‰Ûªs Restaurant and Lounge,3,56,$$,Canadian (New)#Lounges,West End,"1154 Gilford Street#Vancouver, BC V6G#Canada",(604) 681-9321,Duplicate,,
961,Sylvia‰Ûªs Restaurant and Lounge,3,56,$$,Canadian (New)#Lounges,West End,"1154 Gilford Street#Vancouver, BC V6G#Canada",(604) 681-9321,Duplicate,,
516,Tartine Bread &amp; Pies,4,37,$,Desserts#Bakeries#Sandwiches,West End,"1069 Davie Street#Vancouver, BC V6E 1M5#Canada",(604) 685-7427,Duplicate,,
548,Tartine Bread &amp; Pies,4,37,$,Desserts#Bakeries#Sandwiches,West End,"1069 Davie Street#Vancouver, BC V6E 1M5#Canada",(604) 685-7427,Duplicate,,
453,Teppan Kitchen,4,6,Null,Japanese#Fast Food,Downtown,"555 West Hastings Street#Vancouver, BC V6B 4N4#Canada",(778) 379-1988,Duplicate,,
832,Teppan Kitchen,3.5,7,Null,Japanese#Fast Food,West End,"1206 Davie Street#Vancouver, BC V6E 1N3#Canada",(604) 428-7799,Duplicate,,
480,Thai Basil,4,8,$,Thai,"Grandview-Woodlands, The Drive","1179 Commercial Drive#Vancouver, BC V5L 3X3#Canada",,Duplicate,,
713,Thai Basil,3.5,24,$,Thai,Kitsilano,"2184 Cornwall Avenue#Vancouver, BC V6K 1B4#Canada",(604) 677-6767,Duplicate,,
835,Thai Basil,3.5,168,$,Thai,West End,"1215 Thurlow St#Vancouver, BC V6E 1X4#Canada",(604) 685-6754,Duplicate,,
375,The Bakeshop,5,22,$$,Bakeries#Desserts#Sandwiches,Arbutus Ridge,"4021 MacDonald Street#Vancouver, BC V6L 2N8#Canada",(604) 738-4228,Duplicate,,
400,The Bakeshop,5,22,$$,Bakeries#Desserts#Sandwiches,Arbutus Ridge,"4021 MacDonald Street#Vancouver, BC V6L 2N8#Canada",(604) 738-4228,Duplicate,,
610,The Boathouse Restaurant,3,157,$$$,Seafood,West End,"1795 Beach Ave.#Vancouver, BC V6G 1Y9#Canada",(604) 669-2225,Duplicate,,
711,The Boathouse Restaurant,2.5,130,$$,Seafood,Kitsilano,"1305 Arbutus St#Vancouver, BC V6J 5N2#Canada",(604) 738-5487,Duplicate,,
976,The Boathouse Restaurant,3,157,$$$,Seafood,West End,"1795 Beach Ave.#Vancouver, BC V6G 1Y9#Canada",(604) 669-2225,Duplicate,,
831,The Capital,3.5,87,$,Pubs#Canadian (New),West End,"1178 Davie Street#Vancouver, BC V6E 1N1#Canada",(604) 620-2201,Duplicate,,
868,The Capital,3.5,87,$,Pubs#Canadian (New),West End,"1178 Davie Street#Vancouver, BC V6E 1N1#Canada",(604) 620-2201,Duplicate,,
11,The Flying Pig,4,747,$$,Canadian (New)#Seafood,"Downtown, Yaletown","1168 Hamilton Street#Vancouver, BC V6B 2S2#Canada",(604) 568-1344,Duplicate,,
18,The Flying Pig,4,529,$$,Canadian (New)#Seafood,"Downtown, Gastown","102 Water Street#Vancouver, BC V6B 2K8#Canada",(604) 559-7968,Duplicate,,
229,The Flying Pig,3.5,105,$$,Canadian (New),Mount Pleasant,"127 W 2nd Avenue#Vancouver, BC V5T 1B4#Canada",(604) 569-1111,Duplicate,,
307,The Flying Pig,3.5,105,$$,Canadian (New),Mount Pleasant,"127 W 2nd Avenue#Vancouver, BC V5T 1B4#Canada",(604) 569-1111,Duplicate,,
410,The Galley,3.5,28,$$,American (Traditional),Point Grey,"1300 Discovery Street#Vancouver, BC V6R 4L9#Canada",(604) 222-1331,Duplicate,,
490,The Galley,3.5,28,$$,American (Traditional),Point Grey,"1300 Discovery Street#Vancouver, BC V6R 4L9#Canada",(604) 222-1331,Duplicate,,
666,The Irish Heather,4,198,$$,Irish#Gastropubs,"Downtown, Gastown","210 Carrall Street#Vancouver, BC V6B 2J2#Canada",(604) 688-9779,Duplicate,,
724,The Irish Heather,4,198,$$,Irish#Gastropubs,"Downtown, Gastown","210 Carrall Street#Vancouver, BC V6B 2J2#Canada",(604) 688-9779,Duplicate,,
81,The Oakwood Canadian Bistro,4,363,$$,Gastropubs#Breakfast & Brunch#Canadian (New),Kitsilano,"2741 W 4th Avenue#Vancouver, BC V6K 3V9#Canada",(604) 558-1965,Duplicate,,
98,The Oakwood Canadian Bistro,4,363,$$,Gastropubs#Breakfast & Brunch#Canadian (New),Kitsilano,"2741 W 4th Avenue#Vancouver, BC V6K 3V9#Canada",(604) 558-1965,Duplicate,,
740,The Ouisi Bistro,3.5,105,$$,Cajun/Creole#Breakfast & Brunch,"Fairview Slopes, South Granville","3014 Granville St#Vancouver, BC V6H 3J8#Canada",(604) 732-7550,Duplicate,,
929,The Ouisi Bistro,3.5,105,$$,Cajun/Creole#Breakfast & Brunch,"Fairview Slopes, South Granville","3014 Granville St#Vancouver, BC V6H 3J8#Canada",(604) 732-7550,Duplicate,,
833,The Poke Shop,3.5,42,$$,Salad#Hawaiian,"Downtown, Gastown","306 Water Street#Vancouver, BC V6B 1B2#Canada",(778) 379-1567,Duplicate,,
866,The Poke Shop,3.5,42,$$,Salad#Hawaiian,"Downtown, Gastown","306 Water Street#Vancouver, BC V6B 1B2#Canada",(778) 379-1567,Duplicate,,
135,The Sandbar Seafood Restaurant,3.5,435,$$$,Seafood#Sushi Bars#Music Venues,Granville Island/False Creek,"1535 Johnston Street#Vancouver, BC V6H 3R9#Canada",(604) 669-9030,Duplicate,,
343,The Sandbar Seafood Restaurant,3.5,435,$$$,Seafood#Sushi Bars#Music Venues,Granville Island/False Creek,"1535 Johnston Street#Vancouver, BC V6H 3R9#Canada",(604) 669-9030,Duplicate,,
99,The Second Floor Bistro,5,3,Null,French,Renfrew-Collingwood,"2665 Renfrew Street#Vancouver, BC V5M 0A7#Canada",(604) 639-2055,Duplicate,,
691,The Second Floor Bistro,5,3,Null,French,Renfrew-Collingwood,"2665 Renfrew Street#Vancouver, BC V5M 0A7#Canada",(604) 639-2055,Duplicate,,
221,The Tuck Shoppe,4.5,19,$$,Bars#Sandwiches#Salad,Strathcona,"237 Union Street#Vancouver, BC V6A 4C3#Canada",(604) 620-6773,Duplicate,,
304,The Tuck Shoppe,4.5,19,$$,Bars#Sandwiches#Salad,Strathcona,"237 Union Street#Vancouver, BC V6A 4C3#Canada",(604) 620-6773,Duplicate,,
896,The Whip Restaurant Gallery,3.5,187,$$,Bars#American (Traditional),Mount Pleasant,"209 6th Avenue E#Vancouver, BC V5T 1J7#Canada",(604) 874-4687,Duplicate,,
970,The Whip Restaurant Gallery,3.5,187,$$,Bars#American (Traditional),Mount Pleasant,"209 6th Avenue E#Vancouver, BC V5T 1J7#Canada",(604) 874-4687,Duplicate,,
619,Tony‰Ûªs Beef Noodle,3,27,$,Taiwanese#Noodles#Chinese,Oakridge,"5710 Cambie Street#Vancouver, BC V5Z 3A6#Canada",(604) 327-5061,Duplicate,,
668,Tony‰Ûªs Beef Noodle,3,27,$,Taiwanese#Noodles#Chinese,Oakridge,"5710 Cambie Street#Vancouver, BC V5Z 3A6#Canada",(604) 327-5061,Duplicate,,
295,Tractor,4.5,20,$$,Salad#Soup#Sandwiches,Downtown,"547 Robson Street#Vancouver, BC V6B 2B7#Canada",,Duplicate,,
571,Tractor,3.5,13,$$,Salad#Soup#Sandwiches,Mount Pleasant,"1751 Quebec Street#Vancouver, BC V5T 1B4#Canada",(604) 709-0815,Duplicate,,
932,Tractor,3.5,115,$$,Sandwiches#Salad#Soup,Kitsilano,"1903 W 4th Avenue#Vancouver, BC V6J 1M7#Canada",(604) 222-2557,Duplicate,,
918,Tung Hing Bakery,4,94,$,Bakeries#Vietnamese#Sandwiches,Kensington-Cedar Cottage,"1198 Kingsway#Vancouver, BC V5V 3C8#Canada",(604) 875-3394,Duplicate,,
991,Tung Hing Bakery,4,94,$,Bakeries#Vietnamese#Sandwiches,Kensington-Cedar Cottage,"1198 Kingsway#Vancouver, BC V5V 3C8#Canada",(604) 875-3394,Duplicate,,
277,Vij‰Ûªs Restaurant,4,124,$$$,Indian,Mount Pleasant,"3106 Cambie Street#Vancouver, BC V5Z 2W2#Canada",(604) 736-6664,Duplicate,,
395,Vij‰Ûªs Restaurant,4,124,$$$,Indian,Mount Pleasant,"3106 Cambie Street#Vancouver, BC V5Z 2W2#Canada",(604) 736-6664,Duplicate,,
467,Vij‰Ûªs Restaurant,4,124,$$$,Indian,Mount Pleasant,"3106 Cambie Street#Vancouver, BC V5Z 2W2#Canada",(604) 736-6664,Duplicate,,
260,Westcoast Darts Cafe,4.5,44,$,Desserts#Cafes,Killarney,"3608 Kingsway#Vancouver, BC V5R 5M2#Canada",(778) 379-9901,Duplicate,,
497,Westcoast Darts Cafe,4.5,44,$,Desserts#Cafes,Killarney,"3608 Kingsway#Vancouver, BC V5R 5M2#Canada",(778) 379-9901,Duplicate,,
661,Western Lake Chinese Seafood Restaurant,3.5,154,$$,Dim Sum#Seafood,Kensington-Cedar Cottage,"4989 Victoria Drive#Vancouver, BC V5P 3T7#Canada",(604) 321-6862,Duplicate,,
858,Western Lake Chinese Seafood Restaurant,3.5,154,$$,Dim Sum#Seafood,Kensington-Cedar Cottage,"4989 Victoria Drive#Vancouver, BC V5P 3T7#Canada",(604) 321-6862,Duplicate,,
347,WildTale Coastal Grill,3.5,112,$$,Canadian (New)#Seafood,"Downtown, Yaletown","1079 Mainland Street#Vancouver, BC V6B#Canada",(604) 428-9211,Duplicate,,
364,WildTale Coastal Grill,3.5,112,$$,Canadian (New)#Seafood,"Downtown, Yaletown","1079 Mainland Street#Vancouver, BC V6B#Canada",(604) 428-9211,Duplicate,,
511,Yagger‰Ûªs,4,76,$$,American (Traditional)#Gastropubs#Sports Bars,Downtown,"433 W Pender Street#Vancouver, BC V6B 1V2#Canada",(604) 602-7030,Duplicate,,
541,Yagger‰Ûªs,4,76,$$,American (Traditional)#Gastropubs#Sports Bars,Downtown,"433 W Pender Street#Vancouver, BC V6B 1V2#Canada",(604) 602-7030,Duplicate,,
235,Yah Yah Ya Ramen,4,41,$$,Ramen,Downtown,"570 Robson Street#Vancouver, BC V6B 2B7#Canada",(604) 620-1331,Duplicate,,
263,Yah Yah Ya Ramen,4,41,$$,Ramen,Downtown,"570 Robson Street#Vancouver, BC V6B 2B7#Canada",(604) 620-1331,Duplicate,,
860,Yaletown Brewing Company,3,342,$$,American (Traditional)#Pubs,"Downtown, Yaletown","1111 Mainland Street#Vancouver, BC V6B 2T9#Canada",(604) 681-2739,Duplicate,,
880,Yaletown Brewing Company,3,342,$$,American (Traditional)#Pubs,"Downtown, Yaletown","1111 Mainland Street#Vancouver, BC V6B 2T9#Canada",(604) 681-2739,Duplicate,,
270,ZAC.ZAC Japanese Curry House,4,55,$,Japanese#Fast Food,Downtown,"590 Robson Street#Vancouver, BC V6B 2B7#Canada",(604) 608-2887,Duplicate,,
465,ZAC.ZAC Japanese Curry House,4,55,$,Japanese#Fast Food,Downtown,"590 Robson Street#Vancouver, BC V6B 2B7#Canada",(604) 608-2887,Duplicate,,